<?xml version="1.0" encoding="utf-8"?>

    <LinearLayout xmlns:android="http://schemas.android.com/apk/res/android"
        xmlns:app="http://schemas.android.com/apk/res-auto"
        xmlns:tools="http://schemas.android.com/tools"

        android:layout_width="match_parent"
        android:layout_height="wrap_content">
        <androidx.cardview.widget.CardView
            android:layout_width="match_parent"
            android:layout_height="wrap_content"
            app:cardCornerRadius="10dp"
            app:contentPadding="5dp"

            app:cardUseCompatPadding="true"
            app:cardElevation="3dp">

            <RelativeLayout
                android:id="@id/rel"
                android:layout_width="match_parent"
                android:layout_height="wrap_content"
                android:padding="8dp">


                <TextView
                    android:id="@+id/textViewdetails"
                    android:layout_width="wrap_content"
                    android:layout_height="wrap_content"
                    android:layout_marginLeft="150dp"
                    android:layout_marginTop="1dp"

                    android:fontFamily="@font/hel"
                    android:paddingLeft="10dp"
                    android:text="Details"
                    android:textColor="#294050"
                    android:textSize="18dp"
                    android:textStyle="bold"></TextView>

                <TextView
                    android:id="@+id/textView3"
                    android:layout_width="wrap_content"
                    android:layout_height="wrap_content"
                    android:layout_marginLeft="30dp"
                    android:layout_marginTop="40dp"

                    android:fontFamily="@font/times"
                    android:paddingLeft="10dp"
                    android:text="Name:"
                    android:textColor="#294050"
                    android:textSize="18dp"
                    android:textStyle="bold"></TextView>
                <TextView
                    android:id="@+id/textView6"
                    android:layout_width="wrap_content"
                    android:layout_height="wrap_content"
                    android:layout_marginLeft="30dp"
                    android:layout_marginTop="10dp"
                    android:layout_below="@id/textView5"

                    android:fontFamily="@font/times"
                    android:paddingLeft="10dp"
                    android:text="Gender:"
                    android:textColor="#294050"
                    android:textSize="18dp"
                    android:textStyle="bold"></TextView>



                <TextView
                    android:id="@+id/textView5"

                    android:layout_width="wrap_content"
                    android:layout_height="wrap_content"
                    android:layout_below="@id/textView3"
                    android:layout_marginLeft="30dp"
                    android:layout_marginTop="10dp"
                    android:fontFamily="@font/times"
                    android:paddingLeft="10dp"
                    android:text="Contact num:"
                    android:textColor="#294050"
                    android:textSize="18dp"
                    android:textStyle="bold" />


                <TextView
                    android:id="@+id/rtextview"
                    android:layout_width="wrap_content"
                    android:layout_height="wrap_content"
                    android:layout_marginLeft="150dp"
                    android:layout_marginTop="40dp"


                    android:fontFamily="@font/times"
                    android:paddingLeft="10dp"
                    android:text="food details"
                    android:textColor="@android:color/black"
                    android:textSize="18dp"></TextView>

                <TextView
                    android:id="@+id/rtextview3"
                    android:layout_width="wrap_content"
                    android:layout_height="wrap_content"
                    android:layout_below="@id/rtextview"
                    android:layout_marginLeft="150dp"
                    android:layout_marginTop="10dp"


                    android:fontFamily="@font/times"
                    android:paddingLeft="10dp"
                    android:text="details3"
                    android:textColor="@android:color/black"
                    android:textSize="18dp"></TextView>
                <TextView
                    android:id="@+id/rtextview4"
                    android:layout_width="wrap_content"
                    android:layout_height="wrap_content"
                    android:layout_below="@id/rtextview3"
                    android:layout_marginLeft="150dp"
                    android:layout_marginTop="10dp"


                    android:fontFamily="@font/times"
                    android:paddingLeft="10dp"
                    android:text="details4"
                    android:textColor="@android:color/black"
                    android:textSize="18dp"></TextView>



            </RelativeLayout>


        </androidx.cardview.widget.CardView>









</LinearLayout>